"Loop Experience Oordoppen - Zachte, Herbruikbare Gehoorbescherming in Silicone + 8 Ear Tips in XS/S/M/L - 18dB Geluidsvermindering - voor Concerten, Muziek, Concentratie, Focus & Motorrijden - Zwart","https://images-eu.ssl-images-amazon.com/images/I/516KfCp7ZlL._AC_UL225_SR225,160_.jpg",/Loop-Experience-Oordoppen-Gehoorbescherming-Geluidsvermindering/dp/B08TCH6CVB/ref=zg-bs_musical-instruments_sccl_1/259-6908022-2237508?pd_rd_w=zdVWH&content-id=amzn1.sym.ac249e03-3078-4747-bc9b-4fe4b8af71f9&pf_rd_p=ac249e03-3078-4747-bc9b-4fe4b8af71f9&pf_rd_r=AN9SM7HSXMCWA3YB1V68&pd_rd_wg=vU9Ky&pd_rd_r=768c99cc-4279-42fc-9d51-e79a8b8dedf6&pd_rd_i=B08TCH6CVB&psc=1,2023-03-30
"Geluidsabsorberend akoestisch schuim, 24 stuks zwart akoestisch schuim voor podcasts, opnamestudio's, kantoren, akoestische schuimmat （30 x 30 x 2,5 cm） (zwart)","https://images-eu.ssl-images-amazon.com/images/I/81hB8yM2j-L._AC_UL225_SR225,160_.jpg",/Geluidsabsorberend-akoestisch-opnamestudios-akoestische-schuimmat/dp/B0915FYTXS/ref=zg-bs_musical-instruments_sccl_2/259-6908022-2237508?pd_rd_w=zdVWH&content-id=amzn1.sym.ac249e03-3078-4747-bc9b-4fe4b8af71f9&pf_rd_p=ac249e03-3078-4747-bc9b-4fe4b8af71f9&pf_rd_r=AN9SM7HSXMCWA3YB1V68&pd_rd_wg=vU9Ky&pd_rd_r=768c99cc-4279-42fc-9d51-e79a8b8dedf6&pd_rd_i=B0915FYTXS&psc=1,2023-03-30
"Discolichten, 7 kleurenverlichting Muziekgevoelige feestverlichting, 360 ° draaibare discobalverlichting met afstandsbediening, USB-aangedreven stroboscoop DJ-verlichting voor kinderen, feest, kerstlicht, thuisdisco, club, cadeau","https://images-eu.ssl-images-amazon.com/images/I/71xgMrhGUpL._AC_UL225_SR225,160_.jpg",/kleurenverlichting-Muziekgevoelige-feestverlichting-discobalverlichting-afstandsbediening/dp/B0B3WT4TB3/ref=zg-bs_musical-instruments_sccl_3/259-6908022-2237508?pd_rd_w=zdVWH&content-id=amzn1.sym.ac249e03-3078-4747-bc9b-4fe4b8af71f9&pf_rd_p=ac249e03-3078-4747-bc9b-4fe4b8af71f9&pf_rd_r=AN9SM7HSXMCWA3YB1V68&pd_rd_wg=vU9Ky&pd_rd_r=768c99cc-4279-42fc-9d51-e79a8b8dedf6&pd_rd_i=B0B3WT4TB3&psc=1,2023-03-30
"Stagg SMC3 3 m hoge kwaliteit XLR naar XLR plug microfoonkabel, zwart","https://images-eu.ssl-images-amazon.com/images/I/51oYliw0OVL._AC_UL225_SR225,160_.jpg",/Stagg-SMC3-kwaliteit-microfoonkabel-zwart/dp/B002YUAK54/ref=zg-bs_musical-instruments_sccl_4/259-6908022-2237508?pd_rd_w=zdVWH&content-id=amzn1.sym.ac249e03-3078-4747-bc9b-4fe4b8af71f9&pf_rd_p=ac249e03-3078-4747-bc9b-4fe4b8af71f9&pf_rd_r=AN9SM7HSXMCWA3YB1V68&pd_rd_wg=vU9Ky&pd_rd_r=768c99cc-4279-42fc-9d51-e79a8b8dedf6&pd_rd_i=B002YUAK54&psc=1,2023-03-30
Vic Firth American Classic® Series Drumsticks - 5A - American Hickory - Wood Tip,"https://images-eu.ssl-images-amazon.com/images/I/61tVtiVZQGL._AC_UL225_SR225,160_.jpg",/Vic-Firth-American-Classic%C2%AE-Drumsticks/dp/B0002F741Q/ref=zg-bs_musical-instruments_sccl_5/259-6908022-2237508?pd_rd_w=zdVWH&content-id=amzn1.sym.ac249e03-3078-4747-bc9b-4fe4b8af71f9&pf_rd_p=ac249e03-3078-4747-bc9b-4fe4b8af71f9&pf_rd_r=AN9SM7HSXMCWA3YB1V68&pd_rd_wg=vU9Ky&pd_rd_r=768c99cc-4279-42fc-9d51-e79a8b8dedf6&pd_rd_i=B0002F741Q&psc=1,2023-03-30
Antistatische Vinyl Borstel Set Door SPINCARE | Reinigingsbekleding Van Fluweel Voor Vinylplaatreiniging Incl. Stylus Naaldborstel | Velvet Record Cleaning Brush,"https://images-eu.ssl-images-amazon.com/images/I/71j0bmFs6aL._AC_UL225_SR225,160_.jpg",/Antistatische-SPINCARE-Reinigingsbekleding-Vinylplaatreiniging-Naaldborstel/dp/B01AKAHF52/ref=zg-bs_musical-instruments_sccl_6/259-6908022-2237508?pd_rd_w=zdVWH&content-id=amzn1.sym.ac249e03-3078-4747-bc9b-4fe4b8af71f9&pf_rd_p=ac249e03-3078-4747-bc9b-4fe4b8af71f9&pf_rd_r=AN9SM7HSXMCWA3YB1V68&pd_rd_wg=vU9Ky&pd_rd_r=768c99cc-4279-42fc-9d51-e79a8b8dedf6&pd_rd_i=B01AKAHF52&psc=1,2023-03-30
"Bosch Elektrische Reinigingsborstel UniversalBrush (3,6 V geïntegreerde accu, 1 micro-USB-kabel en 4 reinigingshulpstukken, in kartonverpakking)","https://images-eu.ssl-images-amazon.com/images/I/71JM4yC9M4L._AC_UL225_SR225,160_.jpg",/Bosch-Reinigingsborstel-micro-USB-kabel-reinigingshulpstukken-kartonverpakking/dp/B08VMRR821/ref=zg-bs_hi_sccl_1/259-6908022-2237508?pd_rd_w=WaHYD&content-id=amzn1.sym.ac249e03-3078-4747-bc9b-4fe4b8af71f9&pf_rd_p=ac249e03-3078-4747-bc9b-4fe4b8af71f9&pf_rd_r=AN9SM7HSXMCWA3YB1V68&pd_rd_wg=vU9Ky&pd_rd_r=768c99cc-4279-42fc-9d51-e79a8b8dedf6&pd_rd_i=B08VMRR821&psc=1,2023-03-30
"Bosch Professional 32-delige schroefbit (PH-, PZ-, zeskant-, T-, TH-, S-Bit, accessoires boormachine en schroevendraaier)","https://images-eu.ssl-images-amazon.com/images/I/81DxLI21cIL._AC_UL225_SR225,160_.jpg",/Bosch-Professional-accessoires-boormachine-schroevendraaier/dp/B00IM7BIY0/ref=zg-bs_hi_sccl_2/259-6908022-2237508?pd_rd_w=WaHYD&content-id=amzn1.sym.ac249e03-3078-4747-bc9b-4fe4b8af71f9&pf_rd_p=ac249e03-3078-4747-bc9b-4fe4b8af71f9&pf_rd_r=AN9SM7HSXMCWA3YB1V68&pd_rd_wg=vU9Ky&pd_rd_r=768c99cc-4279-42fc-9d51-e79a8b8dedf6&pd_rd_i=B00IM7BIY0&psc=1,2023-03-30
LUZOON Bezemhouder Wand Gereedschapshouder Haaklijst Bezemhouder Tuingereedschap Houder Tuingereedschap -2 Stuks Zwart,"https://images-eu.ssl-images-amazon.com/images/I/71bJTdpRdkL._AC_UL225_SR225,160_.jpg",/LUZOON-Bezemhouder-Gereedschapshouder-Haaklijst-Tuingereedschap/dp/B09MHJWC9S/ref=zg-bs_hi_sccl_3/259-6908022-2237508?pd_rd_w=WaHYD&content-id=amzn1.sym.ac249e03-3078-4747-bc9b-4fe4b8af71f9&pf_rd_p=ac249e03-3078-4747-bc9b-4fe4b8af71f9&pf_rd_r=AN9SM7HSXMCWA3YB1V68&pd_rd_wg=vU9Ky&pd_rd_r=768c99cc-4279-42fc-9d51-e79a8b8dedf6&pd_rd_i=B09MHJWC9S&psc=1,2023-03-30
"fischer 555005 universele pluggen DuoPower 5 x 25, voor bevestigingen in beton, metselwerk en plaatmateriaal, 100 stuks","https://images-eu.ssl-images-amazon.com/images/I/61zUtOSiEoL._AC_UL225_SR225,160_.jpg",/555005-universele-bevestigingen-metselwerk-plaatmateriaal/dp/B016A9O3ZM/ref=zg-bs_hi_sccl_4/259-6908022-2237508?pd_rd_w=WaHYD&content-id=amzn1.sym.ac249e03-3078-4747-bc9b-4fe4b8af71f9&pf_rd_p=ac249e03-3078-4747-bc9b-4fe4b8af71f9&pf_rd_r=AN9SM7HSXMCWA3YB1V68&pd_rd_wg=vU9Ky&pd_rd_r=768c99cc-4279-42fc-9d51-e79a8b8dedf6&pd_rd_i=B016A9O3ZM&psc=1,2023-03-30
"Bosch Professional Wallscanner GMS 120 (marker voor boorgaten, max. detectiediepte hout/ferrometaal/non-ferrometaal/spanningvoerende leiding: 38/120/80/50 mm) - Amazon Exclusive Set","https://images-eu.ssl-images-amazon.com/images/I/81ox6UqXQdL._AC_UL225_SR225,160_.jpg",/Bosch-Professional-GMS-120-spanningvoerende/dp/B093TBWX5T/ref=zg-bs_hi_sccl_5/259-6908022-2237508?pd_rd_w=WaHYD&content-id=amzn1.sym.ac249e03-3078-4747-bc9b-4fe4b8af71f9&pf_rd_p=ac249e03-3078-4747-bc9b-4fe4b8af71f9&pf_rd_r=AN9SM7HSXMCWA3YB1V68&pd_rd_wg=vU9Ky&pd_rd_r=768c99cc-4279-42fc-9d51-e79a8b8dedf6&pd_rd_i=B093TBWX5T&psc=1,2023-03-30
"ARNOMED nitril handschoenen voor eenmalig gebruik M, poedervrij, latexvrij, 100 stuks/doos, handschoenen voor eenmalig gebruik, zwarte nitril handschoenen, verkrijgbaar in de maten S, M, L & XL","https://images-eu.ssl-images-amazon.com/images/I/61wX18npxXL._AC_UL225_SR225,160_.jpg",/ARNOMED-handschoenen-poedervrij-latexvrij-verkrijgbaar/dp/B093SVT4FX/ref=zg-bs_hi_sccl_6/259-6908022-2237508?pd_rd_w=WaHYD&content-id=amzn1.sym.ac249e03-3078-4747-bc9b-4fe4b8af71f9&pf_rd_p=ac249e03-3078-4747-bc9b-4fe4b8af71f9&pf_rd_r=AN9SM7HSXMCWA3YB1V68&pd_rd_wg=vU9Ky&pd_rd_r=768c99cc-4279-42fc-9d51-e79a8b8dedf6&pd_rd_i=B093SVT4FX&psc=1,2023-03-30
"Pampers Maat 3 Premium Protection Luiers, 204 Stuks, MAANDBOX, onze Nummer 1 Luier voor Zachtheid en Bescherming van de Gevoelige Huid (6-10 kg)","https://images-eu.ssl-images-amazon.com/images/I/71LL5UXob5S._AC_UL225_SR225,160_.jpg",/Pampers-Protection-Zachtheid-Bescherming-Gevoelige/dp/B019WCXKGW/ref=zg-bs_baby-products_sccl_1/259-6908022-2237508?pd_rd_w=bbucK&content-id=amzn1.sym.ac249e03-3078-4747-bc9b-4fe4b8af71f9&pf_rd_p=ac249e03-3078-4747-bc9b-4fe4b8af71f9&pf_rd_r=AN9SM7HSXMCWA3YB1V68&pd_rd_wg=vU9Ky&pd_rd_r=768c99cc-4279-42fc-9d51-e79a8b8dedf6&pd_rd_i=B019WCXKGW&psc=1,2023-03-30
"Pampers Baby-Dry Pants Maat 5, 160 Luierbroekjes, Multi-pack, 12kg-17kg, Met Een Stop & Protect Pocket Om Lekken Aan De Achterkant Te Helpen Voorkomen","https://images-eu.ssl-images-amazon.com/images/I/81hBR5VRKOL._AC_UL225_SR225,160_.jpg",/Pampers-Luierbroekjes-Multi-pack-12kg-17kg-Achterkant/dp/B0BLW6DCM1/ref=zg-bs_baby-products_sccl_2/259-6908022-2237508?pd_rd_w=bbucK&content-id=amzn1.sym.ac249e03-3078-4747-bc9b-4fe4b8af71f9&pf_rd_p=ac249e03-3078-4747-bc9b-4fe4b8af71f9&pf_rd_r=AN9SM7HSXMCWA3YB1V68&pd_rd_wg=vU9Ky&pd_rd_r=768c99cc-4279-42fc-9d51-e79a8b8dedf6&pd_rd_i=B0BLW6DCM1&psc=1,2023-03-30
"Pampers Aqua Pure Billendoekjes, 864 Babydoekjes (18 x 48 Doekjes), Gemaakt met 99% Puur Water + Biologisch Katoen, Dermatologisch Getest","https://images-eu.ssl-images-amazon.com/images/I/71Yqp+Tl9sL._AC_UL225_SR225,160_.jpg",/Pampers-Billendoekjes-Babydoekjes-Biologisch-Dermatologisch/dp/B07C6HRYXN/ref=zg-bs_baby-products_sccl_3/259-6908022-2237508?pd_rd_w=bbucK&content-id=amzn1.sym.ac249e03-3078-4747-bc9b-4fe4b8af71f9&pf_rd_p=ac249e03-3078-4747-bc9b-4fe4b8af71f9&pf_rd_r=AN9SM7HSXMCWA3YB1V68&pd_rd_wg=vU9Ky&pd_rd_r=768c99cc-4279-42fc-9d51-e79a8b8dedf6&pd_rd_i=B07C6HRYXN&psc=1,2023-03-30
"Pampers Harmonie Aqua Billendoekjes, 720 Babydoekjes (15 x 48 Doekjes), Bescherming Van De Gevoelige Huid Met 99% Water","https://images-eu.ssl-images-amazon.com/images/I/71K2qXnW4dL._AC_UL225_SR225,160_.jpg",/Pampers-Billendoekjes-Babydoekjes-Bescherming-Gevoelige/dp/B09JTNZR1Z/ref=zg-bs_baby-products_sccl_4/259-6908022-2237508?pd_rd_w=bbucK&content-id=amzn1.sym.ac249e03-3078-4747-bc9b-4fe4b8af71f9&pf_rd_p=ac249e03-3078-4747-bc9b-4fe4b8af71f9&pf_rd_r=AN9SM7HSXMCWA3YB1V68&pd_rd_wg=vU9Ky&pd_rd_r=768c99cc-4279-42fc-9d51-e79a8b8dedf6&pd_rd_i=B09JTNZR1Z&psc=1,2023-03-30
"Pampers Harmonie Luiers Maat 5, 152 Luiers, 11kg - 16kg, Zachte Bescherming Voor De Huid En Plantaardige Bestanddelen","https://images-eu.ssl-images-amazon.com/images/I/91Xee8pXWCL._AC_UL225_SR225,160_.jpg",/Pampers-Harmonie-Luiers-Maat-11kg/dp/B0BLW6DCPK/ref=zg-bs_baby-products_sccl_5/259-6908022-2237508?pd_rd_w=bbucK&content-id=amzn1.sym.ac249e03-3078-4747-bc9b-4fe4b8af71f9&pf_rd_p=ac249e03-3078-4747-bc9b-4fe4b8af71f9&pf_rd_r=AN9SM7HSXMCWA3YB1V68&pd_rd_wg=vU9Ky&pd_rd_r=768c99cc-4279-42fc-9d51-e79a8b8dedf6&pd_rd_i=B0BLW6DCPK&psc=1,2023-03-30
"Pampers Sensitive Billendoekjes, 1200 Babydoekjes (15 x 80 Doekjes), Unieke pH Beschermende Formule, Zonder Parfum, Dermatologisch Getest","https://images-eu.ssl-images-amazon.com/images/I/81bwy1polpL._AC_UL225_SR225,160_.jpg",/Pampers-Billendoekjes-Babydoekjes-Beschermende-Dermatologisch/dp/B07P7KJ1QS/ref=zg-bs_baby-products_sccl_6/259-6908022-2237508?pd_rd_w=bbucK&content-id=amzn1.sym.ac249e03-3078-4747-bc9b-4fe4b8af71f9&pf_rd_p=ac249e03-3078-4747-bc9b-4fe4b8af71f9&pf_rd_r=AN9SM7HSXMCWA3YB1V68&pd_rd_wg=vU9Ky&pd_rd_r=768c99cc-4279-42fc-9d51-e79a8b8dedf6&pd_rd_i=B07P7KJ1QS&psc=1,2023-03-30
"Jeansknoppen, 10 Stuks Jean Knopen, 17 mm Removable Knopens, Replacement Jeans Button, No Sew Instant Jean Knopen, Adjustable Grootte (Zilver)","https://images-eu.ssl-images-amazon.com/images/I/61zDal8NiML._AC_UL225_SR225,160_.jpg",/Jeansknoppen-Removable-Knopens-Replacement-Adjustable/dp/B09B4XTF7V/ref=zg-bs_arts-crafts_sccl_1/259-6908022-2237508?pd_rd_w=ZTkEp&content-id=amzn1.sym.ac249e03-3078-4747-bc9b-4fe4b8af71f9&pf_rd_p=ac249e03-3078-4747-bc9b-4fe4b8af71f9&pf_rd_r=AN9SM7HSXMCWA3YB1V68&pd_rd_wg=vU9Ky&pd_rd_r=768c99cc-4279-42fc-9d51-e79a8b8dedf6&pd_rd_i=B09B4XTF7V&psc=1,2023-03-30
"UV-hars Crystal Clear Hard Ultraviolet uithardende Epoxy Hars DIY kunst hangers, oorbellen, kettingen, armbanden, nail art accessoires UV hars lijm voor sieraden maken  (DIY100)","https://images-eu.ssl-images-amazon.com/images/I/61BbJsrD83L._AC_UL225_SR225,160_.jpg",/Ultraviolet-uithardende-oorbellen-kettingen-accessoires/dp/B08TBD8QXP/ref=zg-bs_arts-crafts_sccl_2/259-6908022-2237508?pd_rd_w=ZTkEp&content-id=amzn1.sym.ac249e03-3078-4747-bc9b-4fe4b8af71f9&pf_rd_p=ac249e03-3078-4747-bc9b-4fe4b8af71f9&pf_rd_r=AN9SM7HSXMCWA3YB1V68&pd_rd_wg=vU9Ky&pd_rd_r=768c99cc-4279-42fc-9d51-e79a8b8dedf6&pd_rd_i=B08TBD8QXP&psc=1,2023-03-30
"ARTDOT 5D Diamond Painting accessoires, 60 stuks Diamond Painting opbergdoos voor Diamond Painting kerstkaarten Seeds Jewellery Rhinestones DIY Craft As Gift","https://images-eu.ssl-images-amazon.com/images/I/81p5G4NPQEL._AC_UL225_SR225,160_.jpg",/ARTDOT-accessoires-opbergdoos-kerstkaarten-Rhinestones/dp/B088K3FQ7W/ref=zg-bs_arts-crafts_sccl_3/259-6908022-2237508?pd_rd_w=ZTkEp&content-id=amzn1.sym.ac249e03-3078-4747-bc9b-4fe4b8af71f9&pf_rd_p=ac249e03-3078-4747-bc9b-4fe4b8af71f9&pf_rd_r=AN9SM7HSXMCWA3YB1V68&pd_rd_wg=vU9Ky&pd_rd_r=768c99cc-4279-42fc-9d51-e79a8b8dedf6&pd_rd_i=B088K3FQ7W&psc=1,2023-03-30
"Lion Brand Yarn Wol-gemak dik en snel garen, zacht en omvangrijk garen voor breien, haken en knutselen, 1 streng, Sequoia","https://images-eu.ssl-images-amazon.com/images/I/81N1vSGXWlL._AC_UL225_SR225,160_.jpg",/Lion-Brand-Yarn-Wol-gemak-omvangrijk/dp/B004XMKSRG/ref=zg-bs_arts-crafts_sccl_4/259-6908022-2237508?pd_rd_w=ZTkEp&content-id=amzn1.sym.ac249e03-3078-4747-bc9b-4fe4b8af71f9&pf_rd_p=ac249e03-3078-4747-bc9b-4fe4b8af71f9&pf_rd_r=AN9SM7HSXMCWA3YB1V68&pd_rd_wg=vU9Ky&pd_rd_r=768c99cc-4279-42fc-9d51-e79a8b8dedf6&pd_rd_i=B004XMKSRG&psc=1,2023-03-30
CANSON XL Aquarel C400082843: DIN A5 - aquarel schilderblok in wit - tekenblok voor aquarel - 300g - hoogwaardig Canson waterverfpapier met spiraalbinding,"https://images-eu.ssl-images-amazon.com/images/I/81epg6MWPPL._AC_UL225_SR225,160_.jpg",/CANSON-Aquarel-C400082843-waterverfpapier-spiraalbinding/dp/B073XJYH9L/ref=zg-bs_arts-crafts_sccl_5/259-6908022-2237508?pd_rd_w=ZTkEp&content-id=amzn1.sym.ac249e03-3078-4747-bc9b-4fe4b8af71f9&pf_rd_p=ac249e03-3078-4747-bc9b-4fe4b8af71f9&pf_rd_r=AN9SM7HSXMCWA3YB1V68&pd_rd_wg=vU9Ky&pd_rd_r=768c99cc-4279-42fc-9d51-e79a8b8dedf6&pd_rd_i=B073XJYH9L&psc=1,2023-03-30
"ARTDOT Lichttafel A3 voor Diamond Painting Accessoires, Verstelbare Helderheid Diamond Painting Light Panels met Stands","https://images-eu.ssl-images-amazon.com/images/I/81gfaLmJJeL._AC_UL225_SR225,160_.jpg",/ARTDOT-Lichttafel-Accessoires-Verstelbare-Helderheid/dp/B089YFKJJ5/ref=zg-bs_arts-crafts_sccl_6/259-6908022-2237508?pd_rd_w=ZTkEp&content-id=amzn1.sym.ac249e03-3078-4747-bc9b-4fe4b8af71f9&pf_rd_p=ac249e03-3078-4747-bc9b-4fe4b8af71f9&pf_rd_r=AN9SM7HSXMCWA3YB1V68&pd_rd_wg=vU9Ky&pd_rd_r=768c99cc-4279-42fc-9d51-e79a8b8dedf6&pd_rd_i=B089YFKJJ5&psc=1,2023-03-30
Dove Men+Care Invisible Dry Anti-Transpirant Spray 6 x 150 ml - Voordeelverpakking,"https://images-eu.ssl-images-amazon.com/images/I/815s+dTtkSL._AC_UL225_SR225,160_.jpg",/Dove-Men-Care-Invisible-Anti-Transpirant/dp/B07VCQVFXY/ref=zg-bs_beauty_sccl_1/259-6908022-2237508?pd_rd_w=LCJNb&content-id=amzn1.sym.ac249e03-3078-4747-bc9b-4fe4b8af71f9&pf_rd_p=ac249e03-3078-4747-bc9b-4fe4b8af71f9&pf_rd_r=AN9SM7HSXMCWA3YB1V68&pd_rd_wg=vU9Ky&pd_rd_r=768c99cc-4279-42fc-9d51-e79a8b8dedf6&pd_rd_i=B07VCQVFXY&psc=1,2023-03-30
Scotch & Soda Men Edt Spray 90 ml,"https://images-eu.ssl-images-amazon.com/images/I/61BEs8+BXcL._AC_UL225_SR225,160_.jpg",/Scotch-Soda-Men-Edt-Spray/dp/B07VL3B86K/ref=zg-bs_beauty_sccl_2/259-6908022-2237508?pd_rd_w=LCJNb&content-id=amzn1.sym.ac249e03-3078-4747-bc9b-4fe4b8af71f9&pf_rd_p=ac249e03-3078-4747-bc9b-4fe4b8af71f9&pf_rd_r=AN9SM7HSXMCWA3YB1V68&pd_rd_wg=vU9Ky&pd_rd_r=768c99cc-4279-42fc-9d51-e79a8b8dedf6&pd_rd_i=B07VL3B86K&psc=1,2023-03-30
Philips OneBlade QP230/50 - Vervangmesjes - 3 stuks,"https://images-eu.ssl-images-amazon.com/images/I/81rhP2usqvL._AC_UL225_SR225,160_.jpg",/Philips-OneBlade-QP230-50-Vervangmesjes/dp/B073PD6YRQ/ref=zg-bs_beauty_sccl_3/259-6908022-2237508?pd_rd_w=LCJNb&content-id=amzn1.sym.ac249e03-3078-4747-bc9b-4fe4b8af71f9&pf_rd_p=ac249e03-3078-4747-bc9b-4fe4b8af71f9&pf_rd_r=AN9SM7HSXMCWA3YB1V68&pd_rd_wg=vU9Ky&pd_rd_r=768c99cc-4279-42fc-9d51-e79a8b8dedf6&pd_rd_i=B073PD6YRQ&psc=1,2023-03-30
Dettol Handzeep - Verzachtend - Aloë Vera 6 x 250 ml  Grootverpakking,"https://images-eu.ssl-images-amazon.com/images/I/81Gkn9lgx4L._AC_UL225_SR225,160_.jpg",/Dettol-Handzeep-Verzachtend-Alo%C3%AB-Grootverpakking/dp/B08448Q71Z/ref=zg-bs_beauty_sccl_4/259-6908022-2237508?pd_rd_w=LCJNb&content-id=amzn1.sym.ac249e03-3078-4747-bc9b-4fe4b8af71f9&pf_rd_p=ac249e03-3078-4747-bc9b-4fe4b8af71f9&pf_rd_r=AN9SM7HSXMCWA3YB1V68&pd_rd_wg=vU9Ky&pd_rd_r=768c99cc-4279-42fc-9d51-e79a8b8dedf6&pd_rd_i=B08448Q71Z&psc=1,2023-03-30
"Philips Vervangmesje voor OneBlade - 2 Mesje - Past op alle OneBlade handles - 200 Bewegingen per seconde - Trim, scheer en style haar van alle lengtes - Vervang elke 3 maanden - QP220/50","https://images-eu.ssl-images-amazon.com/images/I/81y-ax7wJqL._AC_UL225_SR225,160_.jpg",/Philips-Vervangmesje-voor-OneBlade-Bewegingen/dp/B01C0EF2OC/ref=zg-bs_beauty_sccl_5/259-6908022-2237508?pd_rd_w=LCJNb&content-id=amzn1.sym.ac249e03-3078-4747-bc9b-4fe4b8af71f9&pf_rd_p=ac249e03-3078-4747-bc9b-4fe4b8af71f9&pf_rd_r=AN9SM7HSXMCWA3YB1V68&pd_rd_wg=vU9Ky&pd_rd_r=768c99cc-4279-42fc-9d51-e79a8b8dedf6&pd_rd_i=B01C0EF2OC&psc=1,2023-03-30
"Syoss Full Hair 5 Haarmousse 250ml , 6 stuks","https://images-eu.ssl-images-amazon.com/images/I/71iWctEhnTL._AC_UL225_SR225,160_.jpg",/Syoss-Full-Haarmousse-250ml-stuks/dp/B084ZNV3TX/ref=zg-bs_beauty_sccl_6/259-6908022-2237508?pd_rd_w=LCJNb&content-id=amzn1.sym.ac249e03-3078-4747-bc9b-4fe4b8af71f9&pf_rd_p=ac249e03-3078-4747-bc9b-4fe4b8af71f9&pf_rd_r=AN9SM7HSXMCWA3YB1V68&pd_rd_wg=vU9Ky&pd_rd_r=768c99cc-4279-42fc-9d51-e79a8b8dedf6&pd_rd_i=B084ZNV3TX&psc=1,2023-03-30
Between Commitment and Betrayal: An Arranged Marriage Romance (English Edition),"https://images-eu.ssl-images-amazon.com/images/I/81jyAI1JgRL._AC_UL225_SR225,160_.jpg",/Between-Commitment-Betrayal-Arranged-Marriage-ebook/dp/B0BK79W1FZ/ref=zg-bs_digital-text_sccl_1/259-6908022-2237508?pd_rd_w=0WVEI&content-id=amzn1.sym.ac249e03-3078-4747-bc9b-4fe4b8af71f9&pf_rd_p=ac249e03-3078-4747-bc9b-4fe4b8af71f9&pf_rd_r=AN9SM7HSXMCWA3YB1V68&pd_rd_wg=vU9Ky&pd_rd_r=768c99cc-4279-42fc-9d51-e79a8b8dedf6&pd_rd_i=B0BK79W1FZ&psc=1,2023-03-30
Outlive: The Science and Art of Longevity (English Edition),"https://images-eu.ssl-images-amazon.com/images/I/71ZcOX2ss9L._AC_UL225_SR225,160_.jpg",/Outlive-Science-Art-Longevity-English-ebook/dp/B0B1BTJLJN/ref=zg-bs_digital-text_sccl_2/259-6908022-2237508?pd_rd_w=0WVEI&content-id=amzn1.sym.ac249e03-3078-4747-bc9b-4fe4b8af71f9&pf_rd_p=ac249e03-3078-4747-bc9b-4fe4b8af71f9&pf_rd_r=AN9SM7HSXMCWA3YB1V68&pd_rd_wg=vU9Ky&pd_rd_r=768c99cc-4279-42fc-9d51-e79a8b8dedf6&pd_rd_i=B0B1BTJLJN&psc=1,2023-03-30
Her Final Hour: An absolutely unputdownable mystery thriller (Detective Gina Harte Book 2) (English Edition),"https://images-eu.ssl-images-amazon.com/images/I/91rG+D4uY7L._AC_UL225_SR225,160_.jpg",/Her-Final-Hour-absolutely-unputdownable-ebook/dp/B07D9PTQCK/ref=zg-bs_digital-text_sccl_3/259-6908022-2237508?pd_rd_w=0WVEI&content-id=amzn1.sym.ac249e03-3078-4747-bc9b-4fe4b8af71f9&pf_rd_p=ac249e03-3078-4747-bc9b-4fe4b8af71f9&pf_rd_r=AN9SM7HSXMCWA3YB1V68&pd_rd_wg=vU9Ky&pd_rd_r=768c99cc-4279-42fc-9d51-e79a8b8dedf6&pd_rd_i=B07D9PTQCK&psc=1,2023-03-30
Alter ego,"https://images-eu.ssl-images-amazon.com/images/I/71pOpwrQL7L._AC_UL225_SR225,160_.jpg",/Alter-ego-Esther-Verhoef-ebook/dp/B0BZW1Y8QZ/ref=zg-bs_digital-text_sccl_4/259-6908022-2237508?pd_rd_w=0WVEI&content-id=amzn1.sym.ac249e03-3078-4747-bc9b-4fe4b8af71f9&pf_rd_p=ac249e03-3078-4747-bc9b-4fe4b8af71f9&pf_rd_r=AN9SM7HSXMCWA3YB1V68&pd_rd_wg=vU9Ky&pd_rd_r=768c99cc-4279-42fc-9d51-e79a8b8dedf6&pd_rd_i=B0BZW1Y8QZ&psc=1,2023-03-30
$100M Offers: How To Make Offers So Good People Feel Stupid Saying No (English Edition),"https://images-eu.ssl-images-amazon.com/images/I/714llk29hSL._AC_UL225_SR225,160_.jpg",/100M-Offers-People-Stupid-English-ebook/dp/B099QVG1H8/ref=zg-bs_digital-text_sccl_5/259-6908022-2237508?pd_rd_w=0WVEI&content-id=amzn1.sym.ac249e03-3078-4747-bc9b-4fe4b8af71f9&pf_rd_p=ac249e03-3078-4747-bc9b-4fe4b8af71f9&pf_rd_r=AN9SM7HSXMCWA3YB1V68&pd_rd_wg=vU9Ky&pd_rd_r=768c99cc-4279-42fc-9d51-e79a8b8dedf6&pd_rd_i=B099QVG1H8&psc=1,2023-03-30
Atlas: The Story of Pa Salt: The epic conclusion to the Seven Sisters series (English Edition),"https://images-eu.ssl-images-amazon.com/images/I/81iw2hmh35L._AC_UL225_SR225,160_.jpg",/Atlas-Story-conclusion-Sisters-English-ebook/dp/B09372J5YP/ref=zg-bs_digital-text_sccl_6/259-6908022-2237508?pd_rd_w=0WVEI&content-id=amzn1.sym.ac249e03-3078-4747-bc9b-4fe4b8af71f9&pf_rd_p=ac249e03-3078-4747-bc9b-4fe4b8af71f9&pf_rd_r=AN9SM7HSXMCWA3YB1V68&pd_rd_wg=vU9Ky&pd_rd_r=768c99cc-4279-42fc-9d51-e79a8b8dedf6&pd_rd_i=B09372J5YP&psc=1,2023-03-30
